Run,Center,ReleaseDate,FileType,FileName,FileSize,Download_path,Experiment,Title,LibraryName,LibraryStrategy,LibrarySelection,LibrarySource,LibraryLayout,InsertSize,InsertDev,Platform,BioProject,BioSample,SampleType,TaxID,ScientificName,SampleName,Submission,Organization
CRR955860,NGDC,2024-11-23,fastq,CRR955860_f1.fq.gz|CRR955860_r2.fq.gz,2115435744|2233638505,ftp://download.big.ac.cn/gsa2/CRA013605/CRR955860/CRR955860_f1.fq.gz|ftp://download.big.ac.cn/gsa2/CRA013605/CRR955860/CRR955860_r2.fq.gz,CRX866999,LGB1,,Genome,PCR,METAGENOMIC,Paired,,,ILLUMINA,PRJCA020390,SAMC3189187,Metagenome or environmental sample,749906,gut metagenome,LGB1,CRA013605,Shanghai Jiaotong University School of Medicine
CRR955844,NGDC,2024-11-23,fastq,CRR955844_f1.fq.gz|CRR955844_r2.fq.gz,1617115099|1693268953,ftp://download.big.ac.cn/gsa2/CRA013605/CRR955844/CRR955844_f1.fq.gz|ftp://download.big.ac.cn/gsa2/CRA013605/CRR955844/CRR955844_r2.fq.gz,CRX867015,M011,,Genome,PCR,METAGENOMIC,Paired,,,ILLUMINA,PRJCA020390,SAMC3189203,Metagenome or environmental sample,749906,gut metagenome,M011,CRA013605,Shanghai Jiaotong University School of Medicine
CRR955842,NGDC,2024-11-23,fastq,CRR955842_f1.fq.gz|CRR955842_r2.fq.gz,1922690438|1955288420,ftp://download.big.ac.cn/gsa2/CRA013605/CRR955842/CRR955842_f1.fq.gz|ftp://download.big.ac.cn/gsa2/CRA013605/CRR955842/CRR955842_r2.fq.gz,CRX867017,M013,,Genome,PCR,METAGENOMIC,Paired,,,ILLUMINA,PRJCA020390,SAMC3189205,Metagenome or environmental sample,749906,gut metagenome,M013,CRA013605,Shanghai Jiaotong University School of Medicine
CRR955811,NGDC,2024-11-23,fastq,CRR955811_f1.fq.gz|CRR955811_r2.fq.gz,2142107905|2249947647,ftp://download.big.ac.cn/gsa2/CRA013605/CRR955811/CRR955811_f1.fq.gz|ftp://download.big.ac.cn/gsa2/CRA013605/CRR955811/CRR955811_r2.fq.gz,CRX867048,N27,,Genome,PCR,METAGENOMIC,Paired,,,ILLUMINA,PRJCA020390,SAMC3189251,Metagenome or environmental sample,749906,gut metagenome,N27,CRA013605,Shanghai Jiaotong University School of Medicine
CRR955861,NGDC,2024-11-23,fastq,CRR955861_f1.fq.gz|CRR955861_r2.fq.gz,1863891690|1980184167,ftp://download.big.ac.cn/gsa2/CRA013605/CRR955861/CRR955861_f1.fq.gz|ftp://download.big.ac.cn/gsa2/CRA013605/CRR955861/CRR955861_r2.fq.gz,CRX866998,LGA9,,Genome,PCR,METAGENOMIC,Paired,,,ILLUMINA,PRJCA020390,SAMC3189186,Metagenome or environmental sample,749906,gut metagenome,LGA9,CRA013605,Shanghai Jiaotong University School of Medicine
CRR955799,NGDC,2024-11-23,fastq,CRR955799_f1.fq.gz|CRR955799_r2.fq.gz,2090024120|2227724186,ftp://download.big.ac.cn/gsa2/CRA013605/CRR955799/CRR955799_f1.fq.gz|ftp://download.big.ac.cn/gsa2/CRA013605/CRR955799/CRR955799_r2.fq.gz,CRX867060,N08,,Genome,PCR,METAGENOMIC,Paired,,,ILLUMINA,PRJCA020390,SAMC3189237,Metagenome or environmental sample,749906,gut metagenome,N08,CRA013605,Shanghai Jiaotong University School of Medicine
CRR955871,NGDC,2024-11-23,fastq,CRR955871_f1.fq.gz|CRR955871_r2.fq.gz,2201254719|2299509995,ftp://download.big.ac.cn/gsa2/CRA013605/CRR955871/CRR955871_f1.fq.gz|ftp://download.big.ac.cn/gsa2/CRA013605/CRR955871/CRR955871_r2.fq.gz,CRX866988,LC002,,Genome,PCR,METAGENOMIC,Paired,,,ILLUMINA,PRJCA020390,SAMC3189176,Metagenome or environmental sample,749906,gut metagenome,LC002,CRA013605,Shanghai Jiaotong University School of Medicine
CRR955851,NGDC,2024-11-23,fastq,CRR955851_f1.fq.gz|CRR955851_r2.fq.gz,1597328215|1622705244,ftp://download.big.ac.cn/gsa2/CRA013605/CRR955851/CRR955851_f1.fq.gz|ftp://download.big.ac.cn/gsa2/CRA013605/CRR955851/CRR955851_r2.fq.gz,CRX867008,M003,,Genome,PCR,METAGENOMIC,Paired,,,ILLUMINA,PRJCA020390,SAMC3189196,Metagenome or environmental sample,749906,gut metagenome,M003,CRA013605,Shanghai Jiaotong University School of Medicine
CRR955833,NGDC,2024-11-23,fastq,CRR955833_f1.fq.gz|CRR955833_r2.fq.gz,1651857588|1749915689,ftp://download.big.ac.cn/gsa2/CRA013605/CRR955833/CRR955833_f1.fq.gz|ftp://download.big.ac.cn/gsa2/CRA013605/CRR955833/CRR955833_r2.fq.gz,CRX867026,M025,,Genome,PCR,METAGENOMIC,Paired,,,ILLUMINA,PRJCA020390,SAMC3189214,Metagenome or environmental sample,749906,gut metagenome,M025,CRA013605,Shanghai Jiaotong University School of Medicine
CRR955823,NGDC,2024-11-23,fastq,CRR955823_f1.fq.gz|CRR955823_r2.fq.gz,1692203547|1758191658,ftp://download.big.ac.cn/gsa2/CRA013605/CRR955823/CRR955823_f1.fq.gz|ftp://download.big.ac.cn/gsa2/CRA013605/CRR955823/CRR955823_r2.fq.gz,CRX867036,M043,,Genome,PCR,METAGENOMIC,Paired,,,ILLUMINA,PRJCA020390,SAMC3189224,Metagenome or environmental sample,749906,gut metagenome,M043,CRA013605,Shanghai Jiaotong University School of Medicine
CRR955805,NGDC,2024-11-23,fastq,CRR955805_f1.fq.gz|CRR955805_r2.fq.gz,2281618892|2347193318,ftp://download.big.ac.cn/gsa2/CRA013605/CRR955805/CRR955805_f1.fq.gz|ftp://download.big.ac.cn/gsa2/CRA013605/CRR955805/CRR955805_r2.fq.gz,CRX867054,N15,,Genome,PCR,METAGENOMIC,Paired,,,ILLUMINA,PRJCA020390,SAMC3189243,Metagenome or environmental sample,749906,gut metagenome,N15,CRA013605,Shanghai Jiaotong University School of Medicine
CRR955866,NGDC,2024-11-23,fastq,CRR955866_f1.fq.gz|CRR955866_r2.fq.gz,2318850888|2376127132,ftp://download.big.ac.cn/gsa2/CRA013605/CRR955866/CRR955866_f1.fq.gz|ftp://download.big.ac.cn/gsa2/CRA013605/CRR955866/CRR955866_r2.fq.gz,CRX866993,LGA4,,Genome,PCR,METAGENOMIC,Paired,,,ILLUMINA,PRJCA020390,SAMC3189181,Metagenome or environmental sample,749906,gut metagenome,LGA4,CRA013605,Shanghai Jiaotong University School of Medicine
CRR955859,NGDC,2024-11-23,fastq,CRR955859_f1.fq.gz|CRR955859_r2.fq.gz,2069727440|2100989543,ftp://download.big.ac.cn/gsa2/CRA013605/CRR955859/CRR955859_f1.fq.gz|ftp://download.big.ac.cn/gsa2/CRA013605/CRR955859/CRR955859_r2.fq.gz,CRX867000,LGB2,,Genome,PCR,METAGENOMIC,Paired,,,ILLUMINA,PRJCA020390,SAMC3189188,Metagenome or environmental sample,749906,gut metagenome,LGB2,CRA013605,Shanghai Jiaotong University School of Medicine
CRR955838,NGDC,2024-11-23,fastq,CRR955838_f1.fq.gz|CRR955838_r2.fq.gz,1682224374|1803652947,ftp://download.big.ac.cn/gsa2/CRA013605/CRR955838/CRR955838_f1.fq.gz|ftp://download.big.ac.cn/gsa2/CRA013605/CRR955838/CRR955838_r2.fq.gz,CRX867021,M020,,Genome,PCR,METAGENOMIC,Paired,,,ILLUMINA,PRJCA020390,SAMC3189209,Metagenome or environmental sample,749906,gut metagenome,M020,CRA013605,Shanghai Jiaotong University School of Medicine
CRR955802,NGDC,2024-11-23,fastq,CRR955802_f1.fq.gz|CRR955802_r2.fq.gz,2061743502|2138921434,ftp://download.big.ac.cn/gsa2/CRA013605/CRR955802/CRR955802_f1.fq.gz|ftp://download.big.ac.cn/gsa2/CRA013605/CRR955802/CRR955802_r2.fq.gz,CRX867057,N21,,Genome,PCR,METAGENOMIC,Paired,,,ILLUMINA,PRJCA020390,SAMC3189248,Metagenome or environmental sample,749906,gut metagenome,N21,CRA013605,Shanghai Jiaotong University School of Medicine
CRR955864,NGDC,2024-11-23,fastq,CRR955864_f1.fq.gz|CRR955864_r2.fq.gz,2125125755|2213424381,ftp://download.big.ac.cn/gsa2/CRA013605/CRR955864/CRR955864_f1.fq.gz|ftp://download.big.ac.cn/gsa2/CRA013605/CRR955864/CRR955864_r2.fq.gz,CRX866995,LGA6,,Genome,PCR,METAGENOMIC,Paired,,,ILLUMINA,PRJCA020390,SAMC3189183,Metagenome or environmental sample,749906,gut metagenome,LGA6,CRA013605,Shanghai Jiaotong University School of Medicine
CRR955858,NGDC,2024-11-23,fastq,CRR955858_f1.fq.gz|CRR955858_r2.fq.gz,2094047951|2228939738,ftp://download.big.ac.cn/gsa2/CRA013605/CRR955858/CRR955858_f1.fq.gz|ftp://download.big.ac.cn/gsa2/CRA013605/CRR955858/CRR955858_r2.fq.gz,CRX867001,LGB3,,Genome,PCR,METAGENOMIC,Paired,,,ILLUMINA,PRJCA020390,SAMC3189189,Metagenome or environmental sample,749906,gut metagenome,LGB3,CRA013605,Shanghai Jiaotong University School of Medicine
CRR955850,NGDC,2024-11-23,fastq,CRR955850_f1.fq.gz|CRR955850_r2.fq.gz,1663137684|1770335636,ftp://download.big.ac.cn/gsa2/CRA013605/CRR955850/CRR955850_f1.fq.gz|ftp://download.big.ac.cn/gsa2/CRA013605/CRR955850/CRR955850_r2.fq.gz,CRX867009,M004,,Genome,PCR,METAGENOMIC,Paired,,,ILLUMINA,PRJCA020390,SAMC3189197,Metagenome or environmental sample,749906,gut metagenome,M004,CRA013605,Shanghai Jiaotong University School of Medicine
CRR955841,NGDC,2024-11-23,fastq,CRR955841_f1.fq.gz|CRR955841_r2.fq.gz,1959937028|2068627202,ftp://download.big.ac.cn/gsa2/CRA013605/CRR955841/CRR955841_f1.fq.gz|ftp://download.big.ac.cn/gsa2/CRA013605/CRR955841/CRR955841_r2.fq.gz,CRX867018,M014,,Genome,PCR,METAGENOMIC,Paired,,,ILLUMINA,PRJCA020390,SAMC3189206,Metagenome or environmental sample,749906,gut metagenome,M014,CRA013605,Shanghai Jiaotong University School of Medicine
CRR955875,NGDC,2024-11-23,fastq,CRR955875_f1.fq.gz|CRR955875_r2.fq.gz,2096385777|2209308063,ftp://download.big.ac.cn/gsa2/CRA013605/CRR955875/CRR955875_f1.fq.gz|ftp://download.big.ac.cn/gsa2/CRA013605/CRR955875/CRR955875_r2.fq.gz,CRX866984,LA009,,Genome,PCR,METAGENOMIC,Paired,,,ILLUMINA,PRJCA020390,SAMC3189172,Metagenome or environmental sample,749906,gut metagenome,LA009,CRA013605,Shanghai Jiaotong University School of Medicine
CRR955828,NGDC,2024-11-23,fastq,CRR955828_f1.fq.gz|CRR955828_r2.fq.gz,1828693154|1908681028,ftp://download.big.ac.cn/gsa2/CRA013605/CRR955828/CRR955828_f1.fq.gz|ftp://download.big.ac.cn/gsa2/CRA013605/CRR955828/CRR955828_r2.fq.gz,CRX867031,M032,,Genome,PCR,METAGENOMIC,Paired,,,ILLUMINA,PRJCA020390,SAMC3189219,Metagenome or environmental sample,749906,gut metagenome,M032,CRA013605,Shanghai Jiaotong University School of Medicine
CRR955810,NGDC,2024-11-23,fastq,CRR955810_f1.fq.gz|CRR955810_r2.fq.gz,1896636534|1922849453,ftp://download.big.ac.cn/gsa2/CRA013605/CRR955810/CRR955810_f1.fq.gz|ftp://download.big.ac.cn/gsa2/CRA013605/CRR955810/CRR955810_r2.fq.gz,CRX867049,N06,,Genome,PCR,METAGENOMIC,Paired,,,ILLUMINA,PRJCA020390,SAMC3189235,Metagenome or environmental sample,749906,gut metagenome,N06,CRA013605,Shanghai Jiaotong University School of Medicine
CRR955856,NGDC,2024-11-23,fastq,CRR955856_f1.fq.gz|CRR955856_r2.fq.gz,1844898759|1921410134,ftp://download.big.ac.cn/gsa2/CRA013605/CRR955856/CRR955856_f1.fq.gz|ftp://download.big.ac.cn/gsa2/CRA013605/CRR955856/CRR955856_r2.fq.gz,CRX867003,LGB5,,Genome,PCR,METAGENOMIC,Paired,,,ILLUMINA,PRJCA020390,SAMC3189191,Metagenome or environmental sample,749906,gut metagenome,LGB5,CRA013605,Shanghai Jiaotong University School of Medicine
CRR955845,NGDC,2024-11-23,fastq,CRR955845_f1.fq.gz|CRR955845_r2.fq.gz,1532127361|1592617938,ftp://download.big.ac.cn/gsa2/CRA013605/CRR955845/CRR955845_f1.fq.gz|ftp://download.big.ac.cn/gsa2/CRA013605/CRR955845/CRR955845_r2.fq.gz,CRX867014,m010,,Genome,PCR,METAGENOMIC,Paired,,,ILLUMINA,PRJCA020390,SAMC3189202,Metagenome or environmental sample,749906,gut metagenome,m010,CRA013605,Shanghai Jiaotong University School of Medicine
CRR955840,NGDC,2024-11-23,fastq,CRR955840_f1.fq.gz|CRR955840_r2.fq.gz,1970938624|2022829470,ftp://download.big.ac.cn/gsa2/CRA013605/CRR955840/CRR955840_f1.fq.gz|ftp://download.big.ac.cn/gsa2/CRA013605/CRR955840/CRR955840_r2.fq.gz,CRX867019,M016,,Genome,PCR,METAGENOMIC,Paired,,,ILLUMINA,PRJCA020390,SAMC3189207,Metagenome or environmental sample,749906,gut metagenome,M016,CRA013605,Shanghai Jiaotong University School of Medicine
CRR955798,NGDC,2024-11-23,fastq,CRR955798_f1.fq.gz|CRR955798_r2.fq.gz,2306630231|2427322289,ftp://download.big.ac.cn/gsa2/CRA013605/CRR955798/CRR955798_f1.fq.gz|ftp://download.big.ac.cn/gsa2/CRA013605/CRR955798/CRR955798_r2.fq.gz,CRX867061,N09,,Genome,PCR,METAGENOMIC,Paired,,,ILLUMINA,PRJCA020390,SAMC3189238,Metagenome or environmental sample,749906,gut metagenome,N09,CRA013605,Shanghai Jiaotong University School of Medicine
CRR955797,NGDC,2024-11-23,fastq,CRR955797_f1.fq.gz|CRR955797_r2.fq.gz,2220650218|2330286065,ftp://download.big.ac.cn/gsa2/CRA013605/CRR955797/CRR955797_f1.fq.gz|ftp://download.big.ac.cn/gsa2/CRA013605/CRR955797/CRR955797_r2.fq.gz,CRX867062,M052,,Genome,PCR,METAGENOMIC,Paired,,,ILLUMINA,PRJCA020390,SAMC3189230,Metagenome or environmental sample,749906,gut metagenome,M052,CRA013605,Shanghai Jiaotong University School of Medicine
CRR955831,NGDC,2024-11-23,fastq,CRR955831_f1.fq.gz|CRR955831_r2.fq.gz,1857396787|1954179652,ftp://download.big.ac.cn/gsa2/CRA013605/CRR955831/CRR955831_f1.fq.gz|ftp://download.big.ac.cn/gsa2/CRA013605/CRR955831/CRR955831_r2.fq.gz,CRX867028,M027,,Genome,PCR,METAGENOMIC,Paired,,,ILLUMINA,PRJCA020390,SAMC3189216,Metagenome or environmental sample,749906,gut metagenome,M027,CRA013605,Shanghai Jiaotong University School of Medicine
CRR955817,NGDC,2024-11-23,fastq,CRR955817_f1.fq.gz|CRR955817_r2.fq.gz,2606497363|2682374407,ftp://download.big.ac.cn/gsa2/CRA013605/CRR955817/CRR955817_f1.fq.gz|ftp://download.big.ac.cn/gsa2/CRA013605/CRR955817/CRR955817_r2.fq.gz,CRX867042,N11,,Genome,PCR,METAGENOMIC,Paired,,,ILLUMINA,PRJCA020390,SAMC3189240,Metagenome or environmental sample,749906,gut metagenome,N11,CRA013605,Shanghai Jiaotong University School of Medicine
CRR955812,NGDC,2024-11-23,fastq,CRR955812_f1.fq.gz|CRR955812_r2.fq.gz,1875151627|1909466053,ftp://download.big.ac.cn/gsa2/CRA013605/CRR955812/CRR955812_f1.fq.gz|ftp://download.big.ac.cn/gsa2/CRA013605/CRR955812/CRR955812_r2.fq.gz,CRX867047,N25,,Genome,PCR,METAGENOMIC,Paired,,,ILLUMINA,PRJCA020390,SAMC3189250,Metagenome or environmental sample,749906,gut metagenome,N25,CRA013605,Shanghai Jiaotong University School of Medicine
CRR955801,NGDC,2024-11-23,fastq,CRR955801_f1.fq.gz|CRR955801_r2.fq.gz,2151019339|2191136824,ftp://download.big.ac.cn/gsa2/CRA013605/CRR955801/CRR955801_f1.fq.gz|ftp://download.big.ac.cn/gsa2/CRA013605/CRR955801/CRR955801_r2.fq.gz,CRX867058,N03,,Genome,PCR,METAGENOMIC,Paired,,,ILLUMINA,PRJCA020390,SAMC3189233,Metagenome or environmental sample,749906,gut metagenome,N03,CRA013605,Shanghai Jiaotong University School of Medicine
CRR955865,NGDC,2024-11-23,fastq,CRR955865_f1.fq.gz|CRR955865_r2.fq.gz,2374198151|2463300899,ftp://download.big.ac.cn/gsa2/CRA013605/CRR955865/CRR955865_f1.fq.gz|ftp://download.big.ac.cn/gsa2/CRA013605/CRR955865/CRR955865_r2.fq.gz,CRX866994,LGA5,,Genome,PCR,METAGENOMIC,Paired,,,ILLUMINA,PRJCA020390,SAMC3189182,Metagenome or environmental sample,749906,gut metagenome,LGA5,CRA013605,Shanghai Jiaotong University School of Medicine
CRR955836,NGDC,2024-11-23,fastq,CRR955836_f1.fq.gz|CRR955836_r2.fq.gz,1631754387|1682464871,ftp://download.big.ac.cn/gsa2/CRA013605/CRR955836/CRR955836_f1.fq.gz|ftp://download.big.ac.cn/gsa2/CRA013605/CRR955836/CRR955836_r2.fq.gz,CRX867023,M022,,Genome,PCR,METAGENOMIC,Paired,,,ILLUMINA,PRJCA020390,SAMC3189211,Metagenome or environmental sample,749906,gut metagenome,M022,CRA013605,Shanghai Jiaotong University School of Medicine
CRR955818,NGDC,2024-11-23,fastq,CRR955818_f1.fq.gz|CRR955818_r2.fq.gz,2089333643|2124790167,ftp://download.big.ac.cn/gsa2/CRA013605/CRR955818/CRR955818_f1.fq.gz|ftp://download.big.ac.cn/gsa2/CRA013605/CRR955818/CRR955818_r2.fq.gz,CRX867041,M051,,Genome,PCR,METAGENOMIC,Paired,,,ILLUMINA,PRJCA020390,SAMC3189229,Metagenome or environmental sample,749906,gut metagenome,M051,CRA013605,Shanghai Jiaotong University School of Medicine
CRR955876,NGDC,2024-11-23,fastq,CRR955876_f1.fq.gz|CRR955876_r2.fq.gz,2394926578|2414069916,ftp://download.big.ac.cn/gsa2/CRA013605/CRR955876/CRR955876_f1.fq.gz|ftp://download.big.ac.cn/gsa2/CRA013605/CRR955876/CRR955876_r2.fq.gz,CRX866983,LA006,,Genome,PCR,METAGENOMIC,Paired,,,ILLUMINA,PRJCA020390,SAMC3189171,Metagenome or environmental sample,749906,gut metagenome,LA006,CRA013605,Shanghai Jiaotong University School of Medicine
CRR955863,NGDC,2024-11-23,fastq,CRR955863_f1.fq.gz|CRR955863_r2.fq.gz,1823184249|1876613839,ftp://download.big.ac.cn/gsa2/CRA013605/CRR955863/CRR955863_f1.fq.gz|ftp://download.big.ac.cn/gsa2/CRA013605/CRR955863/CRR955863_r2.fq.gz,CRX866996,LGA7,,Genome,PCR,METAGENOMIC,Paired,,,ILLUMINA,PRJCA020390,SAMC3189184,Metagenome or environmental sample,749906,gut metagenome,LGA7,CRA013605,Shanghai Jiaotong University School of Medicine
CRR955848,NGDC,2024-11-23,fastq,CRR955848_f1.fq.gz|CRR955848_r2.fq.gz,1942262982|2020940480,ftp://download.big.ac.cn/gsa2/CRA013605/CRR955848/CRR955848_f1.fq.gz|ftp://download.big.ac.cn/gsa2/CRA013605/CRR955848/CRR955848_r2.fq.gz,CRX867011,M007,,Genome,PCR,METAGENOMIC,Paired,,,ILLUMINA,PRJCA020390,SAMC3189199,Metagenome or environmental sample,749906,gut metagenome,M007,CRA013605,Shanghai Jiaotong University School of Medicine
CRR955847,NGDC,2024-11-23,fastq,CRR955847_f1.fq.gz|CRR955847_r2.fq.gz,1960788052|2084589427,ftp://download.big.ac.cn/gsa2/CRA013605/CRR955847/CRR955847_f1.fq.gz|ftp://download.big.ac.cn/gsa2/CRA013605/CRR955847/CRR955847_r2.fq.gz,CRX867012,M008,,Genome,PCR,METAGENOMIC,Paired,,,ILLUMINA,PRJCA020390,SAMC3189200,Metagenome or environmental sample,749906,gut metagenome,M008,CRA013605,Shanghai Jiaotong University School of Medicine
CRR955849,NGDC,2024-11-23,fastq,CRR955849_f1.fq.gz|CRR955849_r2.fq.gz,1731417894|1794424029,ftp://download.big.ac.cn/gsa2/CRA013605/CRR955849/CRR955849_f1.fq.gz|ftp://download.big.ac.cn/gsa2/CRA013605/CRR955849/CRR955849_r2.fq.gz,CRX867010,M005,,Genome,PCR,METAGENOMIC,Paired,,,ILLUMINA,PRJCA020390,SAMC3189198,Metagenome or environmental sample,749906,gut metagenome,M005,CRA013605,Shanghai Jiaotong University School of Medicine
CRR955837,NGDC,2024-11-23,fastq,CRR955837_f1.fq.gz|CRR955837_r2.fq.gz,1580203227|1628390671,ftp://download.big.ac.cn/gsa2/CRA013605/CRR955837/CRR955837_f1.fq.gz|ftp://download.big.ac.cn/gsa2/CRA013605/CRR955837/CRR955837_r2.fq.gz,CRX867022,M021,,Genome,PCR,METAGENOMIC,Paired,,,ILLUMINA,PRJCA020390,SAMC3189210,Metagenome or environmental sample,749906,gut metagenome,M021,CRA013605,Shanghai Jiaotong University School of Medicine
CRR955830,NGDC,2024-11-23,fastq,CRR955830_f1.fq.gz|CRR955830_r2.fq.gz,1882182201|1975911154,ftp://download.big.ac.cn/gsa2/CRA013605/CRR955830/CRR955830_f1.fq.gz|ftp://download.big.ac.cn/gsa2/CRA013605/CRR955830/CRR955830_r2.fq.gz,CRX867029,M029,,Genome,PCR,METAGENOMIC,Paired,,,ILLUMINA,PRJCA020390,SAMC3189217,Metagenome or environmental sample,749906,gut metagenome,M029,CRA013605,Shanghai Jiaotong University School of Medicine
CRR955878,NGDC,2024-11-23,fastq,CRR955878_f1.fq.gz|CRR955878_r2.fq.gz,2523829355|2606357879,ftp://download.big.ac.cn/gsa2/CRA013605/CRR955878/CRR955878_f1.fq.gz|ftp://download.big.ac.cn/gsa2/CRA013605/CRR955878/CRR955878_r2.fq.gz,CRX866981,M055,,Genome,PCR,METAGENOMIC,Paired,,,ILLUMINA,PRJCA020390,SAMC3189231,Metagenome or environmental sample,749906,gut metagenome,M055,CRA013605,Shanghai Jiaotong University School of Medicine
CRR955874,NGDC,2024-11-23,fastq,CRR955874_f1.fq.gz|CRR955874_r2.fq.gz,1851127815|1950150059,ftp://download.big.ac.cn/gsa2/CRA013605/CRR955874/CRR955874_f1.fq.gz|ftp://download.big.ac.cn/gsa2/CRA013605/CRR955874/CRR955874_r2.fq.gz,CRX866985,LB003,,Genome,PCR,METAGENOMIC,Paired,,,ILLUMINA,PRJCA020390,SAMC3189173,Metagenome or environmental sample,749906,gut metagenome,LB003,CRA013605,Shanghai Jiaotong University School of Medicine
CRR955873,NGDC,2024-11-23,fastq,CRR955873_f1.fq.gz|CRR955873_r2.fq.gz,1980875641|2054337948,ftp://download.big.ac.cn/gsa2/CRA013605/CRR955873/CRR955873_f1.fq.gz|ftp://download.big.ac.cn/gsa2/CRA013605/CRR955873/CRR955873_r2.fq.gz,CRX866986,LB004,,Genome,PCR,METAGENOMIC,Paired,,,ILLUMINA,PRJCA020390,SAMC3189174,Metagenome or environmental sample,749906,gut metagenome,LB004,CRA013605,Shanghai Jiaotong University School of Medicine
CRR955829,NGDC,2024-11-23,fastq,CRR955829_f1.fq.gz|CRR955829_r2.fq.gz,1967383202|2041275414,ftp://download.big.ac.cn/gsa2/CRA013605/CRR955829/CRR955829_f1.fq.gz|ftp://download.big.ac.cn/gsa2/CRA013605/CRR955829/CRR955829_r2.fq.gz,CRX867030,M030,,Genome,PCR,METAGENOMIC,Paired,,,ILLUMINA,PRJCA020390,SAMC3189218,Metagenome or environmental sample,749906,gut metagenome,M030,CRA013605,Shanghai Jiaotong University School of Medicine
CRR955804,NGDC,2024-11-23,fastq,CRR955804_f1.fq.gz|CRR955804_r2.fq.gz,2290277766|2382424973,ftp://download.big.ac.cn/gsa2/CRA013605/CRR955804/CRR955804_f1.fq.gz|ftp://download.big.ac.cn/gsa2/CRA013605/CRR955804/CRR955804_r2.fq.gz,CRX867055,N17,,Genome,PCR,METAGENOMIC,Paired,,,ILLUMINA,PRJCA020390,SAMC3189244,Metagenome or environmental sample,749906,gut metagenome,N17,CRA013605,Shanghai Jiaotong University School of Medicine
CRR955857,NGDC,2024-11-23,fastq,CRR955857_f1.fq.gz|CRR955857_r2.fq.gz,1530111157|1600492912,ftp://download.big.ac.cn/gsa2/CRA013605/CRR955857/CRR955857_f1.fq.gz|ftp://download.big.ac.cn/gsa2/CRA013605/CRR955857/CRR955857_r2.fq.gz,CRX867002,LGB4,,Genome,PCR,METAGENOMIC,Paired,,,ILLUMINA,PRJCA020390,SAMC3189190,Metagenome or environmental sample,749906,gut metagenome,LGB4,CRA013605,Shanghai Jiaotong University School of Medicine
CRR955821,NGDC,2024-11-23,fastq,CRR955821_f1.fq.gz|CRR955821_r2.fq.gz,1658224476|1782296727,ftp://download.big.ac.cn/gsa2/CRA013605/CRR955821/CRR955821_f1.fq.gz|ftp://download.big.ac.cn/gsa2/CRA013605/CRR955821/CRR955821_r2.fq.gz,CRX867038,M046,,Genome,PCR,METAGENOMIC,Paired,,,ILLUMINA,PRJCA020390,SAMC3189226,Metagenome or environmental sample,749906,gut metagenome,M046,CRA013605,Shanghai Jiaotong University School of Medicine
CRR955806,NGDC,2024-11-23,fastq,CRR955806_f1.fq.gz|CRR955806_r2.fq.gz,1997580075|2027371748,ftp://download.big.ac.cn/gsa2/CRA013605/CRR955806/CRR955806_f1.fq.gz|ftp://download.big.ac.cn/gsa2/CRA013605/CRR955806/CRR955806_r2.fq.gz,CRX867053,N12,,Genome,PCR,METAGENOMIC,Paired,,,ILLUMINA,PRJCA020390,SAMC3189241,Metagenome or environmental sample,749906,gut metagenome,N12,CRA013605,Shanghai Jiaotong University School of Medicine
CRR955803,NGDC,2024-11-23,fastq,CRR955803_f1.fq.gz|CRR955803_r2.fq.gz,1748157006|1818150005,ftp://download.big.ac.cn/gsa2/CRA013605/CRR955803/CRR955803_f1.fq.gz|ftp://download.big.ac.cn/gsa2/CRA013605/CRR955803/CRR955803_r2.fq.gz,CRX867056,N19,,Genome,PCR,METAGENOMIC,Paired,,,ILLUMINA,PRJCA020390,SAMC3189246,Metagenome or environmental sample,749906,gut metagenome,N19,CRA013605,Shanghai Jiaotong University School of Medicine
CRR955870,NGDC,2024-11-23,fastq,CRR955870_f1.fq.gz|CRR955870_r2.fq.gz,2153412143|2249406381,ftp://download.big.ac.cn/gsa2/CRA013605/CRR955870/CRR955870_f1.fq.gz|ftp://download.big.ac.cn/gsa2/CRA013605/CRR955870/CRR955870_r2.fq.gz,CRX866989,LC003,,Genome,PCR,METAGENOMIC,Paired,,,ILLUMINA,PRJCA020390,SAMC3189177,Metagenome or environmental sample,749906,gut metagenome,LC003,CRA013605,Shanghai Jiaotong University School of Medicine
CRR955824,NGDC,2024-11-23,fastq,CRR955824_f1.fq.gz|CRR955824_r2.fq.gz,1934464759|2092253878,ftp://download.big.ac.cn/gsa2/CRA013605/CRR955824/CRR955824_f1.fq.gz|ftp://download.big.ac.cn/gsa2/CRA013605/CRR955824/CRR955824_r2.fq.gz,CRX867035,M039,,Genome,PCR,METAGENOMIC,Paired,,,ILLUMINA,PRJCA020390,SAMC3189223,Metagenome or environmental sample,749906,gut metagenome,M039,CRA013605,Shanghai Jiaotong University School of Medicine
CRR955819,NGDC,2024-11-23,fastq,CRR955819_f1.fq.gz|CRR955819_r2.fq.gz,1649492530|1698999616,ftp://download.big.ac.cn/gsa2/CRA013605/CRR955819/CRR955819_f1.fq.gz|ftp://download.big.ac.cn/gsa2/CRA013605/CRR955819/CRR955819_r2.fq.gz,CRX867040,M049,,Genome,PCR,METAGENOMIC,Paired,,,ILLUMINA,PRJCA020390,SAMC3189228,Metagenome or environmental sample,749906,gut metagenome,M049,CRA013605,Shanghai Jiaotong University School of Medicine
CRR955816,NGDC,2024-11-23,fastq,CRR955816_f1.fq.gz|CRR955816_r2.fq.gz,1823410276|1890799519,ftp://download.big.ac.cn/gsa2/CRA013605/CRR955816/CRR955816_f1.fq.gz|ftp://download.big.ac.cn/gsa2/CRA013605/CRR955816/CRR955816_r2.fq.gz,CRX867043,N13,,Genome,PCR,METAGENOMIC,Paired,,,ILLUMINA,PRJCA020390,SAMC3189242,Metagenome or environmental sample,749906,gut metagenome,N13,CRA013605,Shanghai Jiaotong University School of Medicine
CRR955867,NGDC,2024-11-23,fastq,CRR955867_f1.fq.gz|CRR955867_r2.fq.gz,2209052515|2310253205,ftp://download.big.ac.cn/gsa2/CRA013605/CRR955867/CRR955867_f1.fq.gz|ftp://download.big.ac.cn/gsa2/CRA013605/CRR955867/CRR955867_r2.fq.gz,CRX866992,LGA3,,Genome,PCR,METAGENOMIC,Paired,,,ILLUMINA,PRJCA020390,SAMC3189180,Metagenome or environmental sample,749906,gut metagenome,LGA3,CRA013605,Shanghai Jiaotong University School of Medicine
CRR955854,NGDC,2024-11-23,fastq,CRR955854_f1.fq.gz|CRR955854_r2.fq.gz,2057339225|2171529247,ftp://download.big.ac.cn/gsa2/CRA013605/CRR955854/CRR955854_f1.fq.gz|ftp://download.big.ac.cn/gsa2/CRA013605/CRR955854/CRR955854_r2.fq.gz,CRX867005,LGB7,,Genome,PCR,METAGENOMIC,Paired,,,ILLUMINA,PRJCA020390,SAMC3189193,Metagenome or environmental sample,749906,gut metagenome,LGB7,CRA013605,Shanghai Jiaotong University School of Medicine
CRR955832,NGDC,2024-11-23,fastq,CRR955832_f1.fq.gz|CRR955832_r2.fq.gz,1805965438|1887606716,ftp://download.big.ac.cn/gsa2/CRA013605/CRR955832/CRR955832_f1.fq.gz|ftp://download.big.ac.cn/gsa2/CRA013605/CRR955832/CRR955832_r2.fq.gz,CRX867027,M026,,Genome,PCR,METAGENOMIC,Paired,,,ILLUMINA,PRJCA020390,SAMC3189215,Metagenome or environmental sample,749906,gut metagenome,M026,CRA013605,Shanghai Jiaotong University School of Medicine
CRR955825,NGDC,2024-11-23,fastq,CRR955825_f1.fq.gz|CRR955825_r2.fq.gz,1894426241|1984146581,ftp://download.big.ac.cn/gsa2/CRA013605/CRR955825/CRR955825_f1.fq.gz|ftp://download.big.ac.cn/gsa2/CRA013605/CRR955825/CRR955825_r2.fq.gz,CRX867034,M037,,Genome,PCR,METAGENOMIC,Paired,,,ILLUMINA,PRJCA020390,SAMC3189222,Metagenome or environmental sample,749906,gut metagenome,M037,CRA013605,Shanghai Jiaotong University School of Medicine
CRR955814,NGDC,2024-11-23,fastq,CRR955814_f1.fq.gz|CRR955814_r2.fq.gz,1885290158|1922595391,ftp://download.big.ac.cn/gsa2/CRA013605/CRR955814/CRR955814_f1.fq.gz|ftp://download.big.ac.cn/gsa2/CRA013605/CRR955814/CRR955814_r2.fq.gz,CRX867045,N20,,Genome,PCR,METAGENOMIC,Paired,,,ILLUMINA,PRJCA020390,SAMC3189247,Metagenome or environmental sample,749906,gut metagenome,N20,CRA013605,Shanghai Jiaotong University School of Medicine
CRR955808,NGDC,2024-11-23,fastq,CRR955808_f1.fq.gz|CRR955808_r2.fq.gz,1927015588|2060150284,ftp://download.big.ac.cn/gsa2/CRA013605/CRR955808/CRR955808_f1.fq.gz|ftp://download.big.ac.cn/gsa2/CRA013605/CRR955808/CRR955808_r2.fq.gz,CRX867051,N01,,Genome,PCR,METAGENOMIC,Paired,,,ILLUMINA,PRJCA020390,SAMC3189232,Metagenome or environmental sample,749906,gut metagenome,N01,CRA013605,Shanghai Jiaotong University School of Medicine
CRR955872,NGDC,2024-11-23,fastq,CRR955872_f1.fq.gz|CRR955872_r2.fq.gz,1959766906|2045583900,ftp://download.big.ac.cn/gsa2/CRA013605/CRR955872/CRR955872_f1.fq.gz|ftp://download.big.ac.cn/gsa2/CRA013605/CRR955872/CRR955872_r2.fq.gz,CRX866987,LB011,,Genome,PCR,METAGENOMIC,Paired,,,ILLUMINA,PRJCA020390,SAMC3189175,Metagenome or environmental sample,749906,gut metagenome,LB011,CRA013605,Shanghai Jiaotong University School of Medicine
CRR955862,NGDC,2024-11-23,fastq,CRR955862_f1.fq.gz|CRR955862_r2.fq.gz,1950115877|1995511022,ftp://download.big.ac.cn/gsa2/CRA013605/CRR955862/CRR955862_f1.fq.gz|ftp://download.big.ac.cn/gsa2/CRA013605/CRR955862/CRR955862_r2.fq.gz,CRX866997,LGA8,,Genome,PCR,METAGENOMIC,Paired,,,ILLUMINA,PRJCA020390,SAMC3189185,Metagenome or environmental sample,749906,gut metagenome,LGA8,CRA013605,Shanghai Jiaotong University School of Medicine
CRR955822,NGDC,2024-11-23,fastq,CRR955822_f1.fq.gz|CRR955822_r2.fq.gz,1895990244|1972410212,ftp://download.big.ac.cn/gsa2/CRA013605/CRR955822/CRR955822_f1.fq.gz|ftp://download.big.ac.cn/gsa2/CRA013605/CRR955822/CRR955822_r2.fq.gz,CRX867037,M044,,Genome,PCR,METAGENOMIC,Paired,,,ILLUMINA,PRJCA020390,SAMC3189225,Metagenome or environmental sample,749906,gut metagenome,M044,CRA013605,Shanghai Jiaotong University School of Medicine
CRR955820,NGDC,2024-11-23,fastq,CRR955820_f1.fq.gz|CRR955820_r2.fq.gz,2207707146|2246375914,ftp://download.big.ac.cn/gsa2/CRA013605/CRR955820/CRR955820_f1.fq.gz|ftp://download.big.ac.cn/gsa2/CRA013605/CRR955820/CRR955820_r2.fq.gz,CRX867039,M047,,Genome,PCR,METAGENOMIC,Paired,,,ILLUMINA,PRJCA020390,SAMC3189227,Metagenome or environmental sample,749906,gut metagenome,M047,CRA013605,Shanghai Jiaotong University School of Medicine
CRR955800,NGDC,2024-11-23,fastq,CRR955800_f1.fq.gz|CRR955800_r2.fq.gz,2098976995|2153763999,ftp://download.big.ac.cn/gsa2/CRA013605/CRR955800/CRR955800_f1.fq.gz|ftp://download.big.ac.cn/gsa2/CRA013605/CRR955800/CRR955800_r2.fq.gz,CRX867059,N05,,Genome,PCR,METAGENOMIC,Paired,,,ILLUMINA,PRJCA020390,SAMC3189234,Metagenome or environmental sample,749906,gut metagenome,N05,CRA013605,Shanghai Jiaotong University School of Medicine
CRR955869,NGDC,2024-11-23,fastq,CRR955869_f1.fq.gz|CRR955869_r2.fq.gz,1888925440|1983933777,ftp://download.big.ac.cn/gsa2/CRA013605/CRR955869/CRR955869_f1.fq.gz|ftp://download.big.ac.cn/gsa2/CRA013605/CRR955869/CRR955869_r2.fq.gz,CRX866990,LGA1,,Genome,PCR,METAGENOMIC,Paired,,,ILLUMINA,PRJCA020390,SAMC3189178,Metagenome or environmental sample,749906,gut metagenome,LGA1,CRA013605,Shanghai Jiaotong University School of Medicine
CRR955868,NGDC,2024-11-23,fastq,CRR955868_f1.fq.gz|CRR955868_r2.fq.gz,2233987093|2309515314,ftp://download.big.ac.cn/gsa2/CRA013605/CRR955868/CRR955868_f1.fq.gz|ftp://download.big.ac.cn/gsa2/CRA013605/CRR955868/CRR955868_r2.fq.gz,CRX866991,LGA2,,Genome,PCR,METAGENOMIC,Paired,,,ILLUMINA,PRJCA020390,SAMC3189179,Metagenome or environmental sample,749906,gut metagenome,LGA2,CRA013605,Shanghai Jiaotong University School of Medicine
CRR955855,NGDC,2024-11-23,fastq,CRR955855_f1.fq.gz|CRR955855_r2.fq.gz,1849115627|1929201762,ftp://download.big.ac.cn/gsa2/CRA013605/CRR955855/CRR955855_f1.fq.gz|ftp://download.big.ac.cn/gsa2/CRA013605/CRR955855/CRR955855_r2.fq.gz,CRX867004,LGB6,,Genome,PCR,METAGENOMIC,Paired,,,ILLUMINA,PRJCA020390,SAMC3189192,Metagenome or environmental sample,749906,gut metagenome,LGB6,CRA013605,Shanghai Jiaotong University School of Medicine
CRR955839,NGDC,2024-11-23,fastq,CRR955839_f1.fq.gz|CRR955839_r2.fq.gz,1770962034|1810659027,ftp://download.big.ac.cn/gsa2/CRA013605/CRR955839/CRR955839_f1.fq.gz|ftp://download.big.ac.cn/gsa2/CRA013605/CRR955839/CRR955839_r2.fq.gz,CRX867020,M019,,Genome,PCR,METAGENOMIC,Paired,,,ILLUMINA,PRJCA020390,SAMC3189208,Metagenome or environmental sample,749906,gut metagenome,M019,CRA013605,Shanghai Jiaotong University School of Medicine
CRR955834,NGDC,2024-11-23,fastq,CRR955834_f1.fq.gz|CRR955834_r2.fq.gz,1762793010|1821440267,ftp://download.big.ac.cn/gsa2/CRA013605/CRR955834/CRR955834_f1.fq.gz|ftp://download.big.ac.cn/gsa2/CRA013605/CRR955834/CRR955834_r2.fq.gz,CRX867025,M024,,Genome,PCR,METAGENOMIC,Paired,,,ILLUMINA,PRJCA020390,SAMC3189213,Metagenome or environmental sample,749906,gut metagenome,M024,CRA013605,Shanghai Jiaotong University School of Medicine
CRR955826,NGDC,2024-11-23,fastq,CRR955826_f1.fq.gz|CRR955826_r2.fq.gz,1848176693|1910635160,ftp://download.big.ac.cn/gsa2/CRA013605/CRR955826/CRR955826_f1.fq.gz|ftp://download.big.ac.cn/gsa2/CRA013605/CRR955826/CRR955826_r2.fq.gz,CRX867033,M034,,Genome,PCR,METAGENOMIC,Paired,,,ILLUMINA,PRJCA020390,SAMC3189221,Metagenome or environmental sample,749906,gut metagenome,M034,CRA013605,Shanghai Jiaotong University School of Medicine
CRR955853,NGDC,2024-11-23,fastq,CRR955853_f1.fq.gz|CRR955853_r2.fq.gz,1607335333|1689038835,ftp://download.big.ac.cn/gsa2/CRA013605/CRR955853/CRR955853_f1.fq.gz|ftp://download.big.ac.cn/gsa2/CRA013605/CRR955853/CRR955853_r2.fq.gz,CRX867006,LGB9,,Genome,PCR,METAGENOMIC,Paired,,,ILLUMINA,PRJCA020390,SAMC3189194,Metagenome or environmental sample,749906,gut metagenome,LGB9,CRA013605,Shanghai Jiaotong University School of Medicine
CRR955852,NGDC,2024-11-23,fastq,CRR955852_f1.fq.gz|CRR955852_r2.fq.gz,1855810170|1954465469,ftp://download.big.ac.cn/gsa2/CRA013605/CRR955852/CRR955852_f1.fq.gz|ftp://download.big.ac.cn/gsa2/CRA013605/CRR955852/CRR955852_r2.fq.gz,CRX867007,M002,,Genome,PCR,METAGENOMIC,Paired,,,ILLUMINA,PRJCA020390,SAMC3189195,Metagenome or environmental sample,749906,gut metagenome,M002,CRA013605,Shanghai Jiaotong University School of Medicine
CRR955846,NGDC,2024-11-23,fastq,CRR955846_f1.fq.gz|CRR955846_r2.fq.gz,1750470889|1821865351,ftp://download.big.ac.cn/gsa2/CRA013605/CRR955846/CRR955846_f1.fq.gz|ftp://download.big.ac.cn/gsa2/CRA013605/CRR955846/CRR955846_r2.fq.gz,CRX867013,M009,,Genome,PCR,METAGENOMIC,Paired,,,ILLUMINA,PRJCA020390,SAMC3189201,Metagenome or environmental sample,749906,gut metagenome,M009,CRA013605,Shanghai Jiaotong University School of Medicine
CRR955843,NGDC,2024-11-23,fastq,CRR955843_f1.fq.gz|CRR955843_r2.fq.gz,1673681986|1736291708,ftp://download.big.ac.cn/gsa2/CRA013605/CRR955843/CRR955843_f1.fq.gz|ftp://download.big.ac.cn/gsa2/CRA013605/CRR955843/CRR955843_r2.fq.gz,CRX867016,M012,,Genome,PCR,METAGENOMIC,Paired,,,ILLUMINA,PRJCA020390,SAMC3189204,Metagenome or environmental sample,749906,gut metagenome,M012,CRA013605,Shanghai Jiaotong University School of Medicine
CRR955827,NGDC,2024-11-23,fastq,CRR955827_f1.fq.gz|CRR955827_r2.fq.gz,1892553417|1979294953,ftp://download.big.ac.cn/gsa2/CRA013605/CRR955827/CRR955827_f1.fq.gz|ftp://download.big.ac.cn/gsa2/CRA013605/CRR955827/CRR955827_r2.fq.gz,CRX867032,M033,,Genome,PCR,METAGENOMIC,Paired,,,ILLUMINA,PRJCA020390,SAMC3189220,Metagenome or environmental sample,749906,gut metagenome,M033,CRA013605,Shanghai Jiaotong University School of Medicine
CRR955807,NGDC,2024-11-23,fastq,CRR955807_f1.fq.gz|CRR955807_r2.fq.gz,1762007093|1832283712,ftp://download.big.ac.cn/gsa2/CRA013605/CRR955807/CRR955807_f1.fq.gz|ftp://download.big.ac.cn/gsa2/CRA013605/CRR955807/CRR955807_r2.fq.gz,CRX867052,N10,,Genome,PCR,METAGENOMIC,Paired,,,ILLUMINA,PRJCA020390,SAMC3189239,Metagenome or environmental sample,749906,gut metagenome,N10,CRA013605,Shanghai Jiaotong University School of Medicine
CRR955877,NGDC,2024-11-23,fastq,CRR955877_f1.fq.gz|CRR955877_r2.fq.gz,2219051689|2334812256,ftp://download.big.ac.cn/gsa2/CRA013605/CRR955877/CRR955877_f1.fq.gz|ftp://download.big.ac.cn/gsa2/CRA013605/CRR955877/CRR955877_r2.fq.gz,CRX866982,LA003,,Genome,PCR,METAGENOMIC,Paired,,,ILLUMINA,PRJCA020390,SAMC3189170,Metagenome or environmental sample,749906,gut metagenome,LA003,CRA013605,Shanghai Jiaotong University School of Medicine
CRR955835,NGDC,2024-11-23,fastq,CRR955835_f1.fq.gz|CRR955835_r2.fq.gz,1906684127|2017544730,ftp://download.big.ac.cn/gsa2/CRA013605/CRR955835/CRR955835_f1.fq.gz|ftp://download.big.ac.cn/gsa2/CRA013605/CRR955835/CRR955835_r2.fq.gz,CRX867024,M023,,Genome,PCR,METAGENOMIC,Paired,,,ILLUMINA,PRJCA020390,SAMC3189212,Metagenome or environmental sample,749906,gut metagenome,M023,CRA013605,Shanghai Jiaotong University School of Medicine
CRR955815,NGDC,2024-11-23,fastq,CRR955815_f1.fq.gz|CRR955815_r2.fq.gz,2126266286|2218874929,ftp://download.big.ac.cn/gsa2/CRA013605/CRR955815/CRR955815_f1.fq.gz|ftp://download.big.ac.cn/gsa2/CRA013605/CRR955815/CRR955815_r2.fq.gz,CRX867044,N18,,Genome,PCR,METAGENOMIC,Paired,,,ILLUMINA,PRJCA020390,SAMC3189245,Metagenome or environmental sample,749906,gut metagenome,N18,CRA013605,Shanghai Jiaotong University School of Medicine
CRR955813,NGDC,2024-11-23,fastq,CRR955813_f1.fq.gz|CRR955813_r2.fq.gz,1982157575|2144510053,ftp://download.big.ac.cn/gsa2/CRA013605/CRR955813/CRR955813_f1.fq.gz|ftp://download.big.ac.cn/gsa2/CRA013605/CRR955813/CRR955813_r2.fq.gz,CRX867046,N22,,Genome,PCR,METAGENOMIC,Paired,,,ILLUMINA,PRJCA020390,SAMC3189249,Metagenome or environmental sample,749906,gut metagenome,N22,CRA013605,Shanghai Jiaotong University School of Medicine
CRR955809,NGDC,2024-11-23,fastq,CRR955809_f1.fq.gz|CRR955809_r2.fq.gz,2531740546|2751183481,ftp://download.big.ac.cn/gsa2/CRA013605/CRR955809/CRR955809_f1.fq.gz|ftp://download.big.ac.cn/gsa2/CRA013605/CRR955809/CRR955809_r2.fq.gz,CRX867050,N07,,Genome,PCR,METAGENOMIC,Paired,,,ILLUMINA,PRJCA020390,SAMC3189236,Metagenome or environmental sample,749906,gut metagenome,N07,CRA013605,Shanghai Jiaotong University School of Medicine
